Workbook

Sheet paid_video_streaming_services
A1: service_name | B1: type | C1: category | D1: countries_available | E1: monthly_price_usd | F1: annual_price_usd | G1: launch_year | H1: subscribers_millions | I1: content_type | J1: platforms | K1: is_free | L1: parent_company | M1: age_group_18_24_pct | N1: age_group_25_34_pct | O1: age_group_35_44_pct | P1: age_group_45_54_pct | Q1: age_group_55_64_pct | R1: age_group_65_plus_pct | S1: device_android_pct | T1: device_ios_pct | U1: device_web_pct | V1: device_smart_tv_pct | W1: device_gaming_console_pct | X1: device_other_pct | Y1: engagement_cluster | Z1: arpu_usd | AA1: churn_rate_pct | AB1: subscribers_2020_millions | AC1: subscribers_2021_millions | AD1: subscribers_2022_millions | AE1: subscribers_2023_millions | AF1: subscribers_2024_millions | AG1: Suscriptores Futuros | AH1: diferencia entre subs futuros y subs actuales | AI1: con servicio gratis | AJ1: revenue_mensual
A2: Netflix | B2: VOD | C2: Paid | D2: Global (190+ countries) | E2: 15.99 | F2: 191.88 | G2: 1997 | H2: 301.6 | I2: Movies, TV Shows, Originals | J2: Web, Mobile, Smart TV, Gaming Consoles | K2: FALSE | L2: Netflix Inc | M2: 13.9 | N2: 34.3 | O2: 18.3 | P2: 19 | Q2: 9.9 | R2: 7.7 | S2: 35.4 | T2: 23.4 | U2: 19.9 | V2: 16.2 | W2: 9.1 | X2: 6.1 | Y2: High Engagement | Z2: 17.8 | AA2: 1.68 | AB2: 221.7 | AC2: 239.4 | AD2: 258.6 | AE2: 279.3 | AF2: 301.6 | AG2: {=XLOOKUP(A2, predicciones!G:G, predicciones!B:B, "No encontrado")} -> 364.60641 | AH2: =SUM(AG2-H2) -> 63.006406 | AI2: {=XLOOKUP(L2, Free_Streaming!L:L, Free_Streaming!A:A, "Sin servicio gratis")} -> Sin servicio gratis | AJ2: =SUM(H2 * Z2) -> 5368.48
A3: Amazon Prime Video | B3: VOD | C3: Paid | D3: Global (200+ countries) | E3: 8.99 | F3: 107.88 | G3: 2006 | H3: 220 | I3: Movies, TV Shows, Originals | J3: Web, Mobile, Smart TV, Gaming Consoles | K3: FALSE | L3: Amazon | M3: 8.8 | N3: 32.6 | O3: 19 | P3: 13.1 | Q3: 10.4 | R3: 9.3 | S3: 39.1 | T3: 27.8 | U3: 12.1 | V3: 13.3 | W3: 6.2 | X3: 3.1 | Y3: High Engagement | Z3: 8.3 | AA3: 1.68 | AB3: 161.7 | AC3: 174.6 | AD3: 188.6 | AE3: 203.7 | AF3: 220 | AG3: {=XLOOKUP(A3, predicciones!G:G, predicciones!B:B, "No encontrado")} -> 265.95958 | AH3: =SUM(AG3-H3) -> 45.95958 | AI3: {=XLOOKUP(L3, Free_Streaming!L:L, Free_Streaming!A:A, "Sin servicio gratis")} -> Freevee (IMDb TV) | AJ3: =SUM(H3 * Z3) -> 1826
A4: Disney+ | B4: VOD | C4: Paid | D4: Global (100+ countries) | E4: 10.99 | F4: 109.99 | G4: 2019 | H4: 131.6 | I4: Movies, TV Shows, Disney Content | J4: Web, Mobile, Smart TV, Gaming Consoles | K4: FALSE | L4: The Walt Disney Company | M4: 24.6 | N4: 27.6 | O4: 21.5 | P4: 26.5 | Q4: 13.8 | R4: 2.4 | S4: 42.2 | T4: 20.5 | U4: 15.9 | V4: 13.8 | W4: 6.7 | X4: 7.6 | Y4: High Engagement | Z4: 11.16 | AA4: 1.89 | AB4: 53.9 | AC4: 67.4 | AD4: 84.2 | AE4: 105.3 | AF4: 131.6 | AG4: {=XLOOKUP(A4, predicciones!G:G, predicciones!B:B, "No encontrado")} -> 208.66748 | AH4: =SUM(AG4-H4) -> 77.067479 | AI4: {=XLOOKUP(L4, Free_Streaming!L:L, Free_Streaming!A:A, "Sin servicio gratis")} -> Disney Channel App | AJ4: =SUM(H4 * Z4) -> 1468.656
A5: Max (HBO Max) | B5: VOD | C5: Paid | D5: US, Latin America, Europe, Asia | E5: 15.99 | F5: 149.99 | G5: 2020 | H5: 128 | I5: Movies, TV Shows, HBO Originals | J5: Web, Mobile, Smart TV, Gaming Consoles | K5: FALSE | L5: Warner Bros Discovery | M5: 17.3 | N5: 23.7 | O5: 25.6 | P5: 24.5 | Q5: 11.2 | R5: 7 | S5: 42.8 | T5: 18.7 | U5: 16.3 | V5: 16.6 | W5: 8.6 | X5: 5.5 | Y5: High Engagement | Z5: 14.51 | AA5: 2.1 | AB5: 12.8 | AC5: 65.5 | AD5: 81.9 | AE5: 102.4 | AF5: 128 | AG5: {=XLOOKUP(A5, predicciones!G:G, predicciones!B:B, "No encontrado")} -> 202.86453 | AH5: =SUM(AG5-H5) -> 74.864528 | AI5: {=XLOOKUP(L5, Free_Streaming!L:L, Free_Streaming!A:A, "Sin servicio gratis")} -> Cartoon Network App | AJ5: =SUM(H5 * Z5) -> 1857.28
A6: iQiyi | B6: Regional | C6: Paid | D6: China, Southeast Asia, Global | E6: 2.99 | F6: 29.99 | G6: 2010 | H6: 125 | I6: Movies, TV Shows, Originals | J6: Web, Mobile, Smart TV | K6: FALSE | L6: Baidu | M6: 16.3 | N6: 26.5 | O6: 21.8 | P6: 16.3 | Q6: 11 | R6: 8.7 | S6: 30.6 | T6: 30.9 | U6: 17.4 | V6: 11 | W6: 9.2 | X6: 2.5 | Y6: High Engagement | Z6: 2.63 | AA6: 1.68 | AB6: 91.9 | AC6: 99.2 | AD6: 107.2 | AE6: 115.7 | AF6: 125 | AG6: {=XLOOKUP(A6, predicciones!G:G, predicciones!B:B, "No encontrado")} -> 170.82228 | AH6: =SUM(AG6-H6) -> 45.822276 | AI6: {=XLOOKUP(L6, Free_Streaming!L:L, Free_Streaming!A:A, "Sin servicio gratis")} -> Sin servicio gratis | AJ6: =SUM(H6 * Z6) -> 328.75
A7: Zee5 | B7: Regional | C7: Paid | D7: India, Global | E7: 2.99 | F7: 29.99 | G7: 2018 | H7: 120 | I7: Movies, TV Shows, Originals | J7: Web, Mobile, Smart TV | K7: FALSE | L7: Zee Entertainment | M7: 17.6 | N7: 29.1 | O7: 22.1 | P7: 24.1 | Q7: 14.5 | R7: 3.8 | S7: 36.9 | T7: 20.4 | U7: 17.1 | V7: 16.7 | W7: 7.1 | X7: 6.3 | Y7: High Engagement | Z7: 3.36 | AA7: 1.89 | AB7: 49.2 | AC7: 61.4 | AD7: 76.8 | AE7: 104.3 | AF7: 120 | AG7: {=XLOOKUP(A7, predicciones!G:G, predicciones!B:B, "No encontrado")} -> 163.93682 | AH7: =SUM(AG7-H7) -> 43.936819 | AI7: {=XLOOKUP(L7, Free_Streaming!L:L, Free_Streaming!A:A, "Sin servicio gratis")} -> Sin servicio gratis | AJ7: =SUM(H7 * Z7) -> 403.2
A8: Tencent Video | B8: Regional | C8: Paid | D8: China, Global | E8: 2.99 | F8: 29.99 | G8: 2011 | H8: 120 | I8: Movies, TV Shows, Originals | J8: Web, Mobile, Smart TV | K8: FALSE | L8: Tencent | M8: 14.9 | N8: 19.4 | O8: 17.9 | P8: 15.9 | Q8: 15.2 | R8: 8 | S8: 37.1 | T8: 19.6 | U8: 9.8 | V8: 7.8 | W8: 5.1 | X8: 2.9 | Y8: High Engagement | Z8: 3.28 | AA8: 1.68 | AB8: 68.6 | AC8: 95.3 | AD8: 102.9 | AE8: 111.1 | AF8: 120 | AG8: {=XLOOKUP(A8, predicciones!G:G, predicciones!B:B, "No encontrado")} -> 163.98939 | AH8: =SUM(AG8-H8) -> 43.989385 | AI8: {=XLOOKUP(L8, Free_Streaming!L:L, Free_Streaming!A:A, "Sin servicio gratis")} -> Sin servicio gratis | AJ8: =SUM(H8 * Z8) -> 393.6
A9: Youku | B9: Regional | C9: Paid | D9: China | E9: 2.99 | F9: 29.99 | G9: 2006 | H9: 105 | I9: Movies, TV Shows, Originals | J9: Web, Mobile, Smart TV | K9: FALSE | L9: Alibaba Group | M9: 9 | N9: 25.2 | O9: 20.9 | P9: 17.1 | Q9: 8.3 | R9: 6.5 | S9: 40.1 | T9: 26.3 | U9: 11 | V9: 12 | W9: 11.2 | X9: 5.7 | Y9: High Engagement | Z9: 3.22 | AA9: 1.68 | AB9: 77.2 | AC9: 83.4 | AD9: 90 | AE9: 97.2 | AF9: 105 | AG9: {=XLOOKUP(A9, predicciones!G:G, predicciones!B:B, "No encontrado")} -> 143.49071 | AH9: =SUM(AG9-H9) -> 38.490712 | AI9: {=XLOOKUP(L9, Free_Streaming!L:L, Free_Streaming!A:A, "Sin servicio gratis")} -> Sin servicio gratis | AJ9: =SUM(H9 * Z9) -> 338.1
A10: YouTube Premium | B10: Music/VOD | C10: Paid | D10: Global (100+ countries) | E10: 13.99 | F10: 139.99 | G10: 2015 | H10: 100 | I10: Music, Videos, Originals | J10: Web, Mobile, Smart TV | K10: FALSE | L10: Google | M10: 15.1 | N10: 30.7 | O10: 24 | P10: 21.8 | Q10: 13.6 | R10: 3.3 | S10: 38.2 | T10: 25.3 | U10: 9.6 | V10: 11.7 | W10: 9.1 | X10: 7.4 | Y10: Medium Engagement | Z10: 12.1 | AA10: 2.29 | AB10: 57.2 | AC10: 65.8 | AD10: 75.6 | AE10: 87 | AF10: 100 | AG10: {=XLOOKUP(A10, predicciones!G:G, predicciones!B:B, "No encontrado")} -> 146.31076 | AH10: =SUM(AG10-H10) -> 46.31076 | AI10: {=XLOOKUP(L10, Free_Streaming!L:L, Free_Streaming!A:A, "Sin servicio gratis")} -> Sin servicio gratis | AJ10: =SUM(H10 * Z10) -> 1210
A11: Mango TV | B11: Regional | C11: Paid | D11: China | E11: 2.99 | F11: 29.99 | G11: 2014 | H11: 85 | I11: Chinese Drama, Movies | J11: Web, Mobile, Smart TV | K11: FALSE | L11: Hunan Broadcasting System | M11: 19.9 | N11: 28.4 | O11: 18.8 | P11: 20.7 | Q11: 11 | R11: 7.5 | S11: 39.7 | T11: 27.3 | U11: 12.7 | V11: 15.8 | W11: 6.2 | X11: 3.7 | Y11: Medium Engagement | Z11: 3.3 | AA11: 2.04 | AB11: 48.6 | AC11: 55.9 | AD11: 64.3 | AE11: 73.9 | AF11: 85 | AG11: {=XLOOKUP(A11, predicciones!G:G, predicciones!B:B, "No encontrado")} -> 124.42178 | AH11: =SUM(AG11-H11) -> 39.421781 | AI11: {=XLOOKUP(L11, Free_Streaming!L:L, Free_Streaming!A:A, "Sin servicio gratis")} -> Sin servicio gratis | AJ11: =SUM(H11 * Z11) -> 280.5
A12: Paramount+ | B12: VOD | C12: Paid | D12: US, Canada, Latin America, Europe, Australia | E12: 9.99 | F12: 99.99 | G12: 2021 | H12: 77.5 | I12: Movies, TV Shows, CBS Content | J12: Web, Mobile, Smart TV, Gaming Consoles | K12: FALSE | L12: Paramount Global | M12: 15.3 | N12: 28.5 | O12: 27.9 | P12: 14.2 | Q12: 7 | R12: 7.7 | S12: 29.9 | T12: 24 | U12: 15.8 | V12: 14.3 | W12: 4.9 | X12: 5.6 | Y12: Medium Engagement | Z12: 9.8 | AA12: 2.55 | AB12: 0 | AC12: 7.8 | AD12: 49.6 | AE12: 62 | AF12: 77.5 | AG12: {=XLOOKUP(A12, predicciones!G:G, predicciones!B:B, "No encontrado")} -> 172.65964 | AH12: =SUM(AG12-H12) -> 95.159639 | AI12: {=XLOOKUP(L12, Free_Streaming!L:L, Free_Streaming!A:A, "Sin servicio gratis")} -> Pluto TV | AJ12: =SUM(H12 * Z12) -> 759.5
A13: Hotstar | B13: Regional | C13: Paid | D13: India, Southeast Asia, UK, US, Canada | E13: 2.99 | F13: 29.99 | G13: 2015 | H13: 62 | I13: Movies, TV Shows, Sports, News | J13: Web, Mobile, Smart TV | K13: FALSE | L13: The Walt Disney Company | M13: 10.4 | N13: 31.3 | O13: 22.3 | P13: 14.8 | Q13: 14.4 | R13: 3.2 | S13: 40.7 | T13: 20.8 | U13: 12.2 | V13: 17.7 | W13: 6.2 | X13: 2.2 | Y13: Medium Engagement | Z13: 2.85 | AA13: 2.29 | AB13: 35.4 | AC13: 40.8 | AD13: 46.9 | AE13: 53.9 | AF13: 62 | AG13: {=XLOOKUP(A13, predicciones!G:G, predicciones!B:B, "No encontrado")} -> 90.712671 | AH13: =SUM(AG13-H13) -> 28.712671 | AI13: {=XLOOKUP(L13, Free_Streaming!L:L, Free_Streaming!A:A, "Sin servicio gratis")} -> Disney Channel App | AJ13: =SUM(H13 * Z13) -> 176.7
... A79: Sky Go | B79: Regional | C79: Paid | D79: UK, Ireland, Germany, Italy, Austria | E79: 0 | F79: 0 | G79: 2006 | H79: 0 | I79: Live TV, On-Demand | J79: Web, Mobile, Smart TV | K79: FALSE | L79: Sky Group | M79: 18.6 | N79: 32.1 | O79: 19 | P79: 24.3 | Q79: 7.3 | R79: 2.7 | S79: 32.5 | T79: 22.5 | U79: 11.4 | V79: 16.8 | W79: 7.1 | X79: 6.5 | Y79: Low Engagement | Z79: 0 | AA79: 2.4 | AB79: 0 | AC79: 0 | AD79: 0 | AE79: 0 | AF79: 0 | AG79: {=XLOOKUP(A79, predicciones!G:G, predicciones!B:B, "No encontrado")} -> 0 | AH79: =SUM(AG79-H79) -> 0 | AI79: {=XLOOKUP(L79, Free_Streaming!L:L, Free_Streaming!A:A, "Sin servicio gratis")} -> Sin servicio gratis | AJ79: =SUM(H79 * Z79) -> 0

Sheet dashboard
A1: total de ingresos mensuales del mercado | B1: Churn Promedio | C1: el total de suscriptores (en millones). | D1: "Ingreso Mensual Proyectado (Mercado)" | E1: Oportunidad de Crecimiento del Mercado"
A2: =SUM(paid_video_streaming_services!AJ:AJ) -> 19646.528 | B2: =AVERAGE(paid_video_streaming_services!AA:AA) -> 2.5114103 | C2: =SUM(paid_video_streaming_services!H:H) -> 2070.95 | D2: =SUM(predicciones!F:F) -> 31334.077 | E2: =SUM(D2-A2) -> 11687.549
C3: service_name | D3: % de Smart TV
C4: Netflix | D4: {=XLOOKUP(C4, paid_video_streaming_services!A:A,paid_video_streaming_services!V:V)} -> 16.2
C5: Amazon Prime Video | D5: {=XLOOKUP(C5, paid_video_streaming_services!A:A,paid_video_streaming_services!V:V)} -> 13.3
C6: Disney+ | D6: {=XLOOKUP(C6, paid_video_streaming_services!A:A,paid_video_streaming_services!V:V)} -> 13.8
C7: Max (HBO Max) | D7: {=XLOOKUP(C7, paid_video_streaming_services!A:A,paid_video_streaming_services!V:V)} -> 16.6
C8: iQiyi | D8: {=XLOOKUP(C8, paid_video_streaming_services!A:A,paid_video_streaming_services!V:V)} -> 11

Sheet Tabla dinámica 1

Sheet predicciones
A1: current_subscribers | B1: predicted_subscribers | C1: growth_rate | D1: projected_growth | E1: predicted_arpu | F1: predicted_monthly_revenue | G1: service_name | H1: type | I1: engagement_cluster
A2: 301.6 | B2: 364.60641 | C2: 0.0386724 | D2: 63.006406 | E2: 19.652638 | F2: 7165.4778 | G2: Netflix | H2: VOD | I2: High Engagement
A3: 220 | B3: 265.95958 | C3: 0.0386724 | D3: 45.95958 | E3: 9.1638707 | F3: 2437.2192 | G3: Amazon Prime Video | H3: VOD | I3: High Engagement
A4: 131.6 | B4: 208.66748 | C4: 0.096578625 | D4: 77.067479 | E4: 12.321542 | F4: 2571.1051 | G4: Disney+ | H4: VOD | I4: High Engagement
A5: 128 | B5: 202.86453 | C5: 0.09647625 | D5: 74.864528 | E5: 16.020212 | F5: 3249.9328 | G5: Max (HBO Max) | H5: VOD | I5: High Engagement
A6: 125 | B6: 170.82228 | C6: 0.064454 | D6: 45.822276 | E6: 2.9037325 | F6: 496.0222 | G6: iQiyi | H6: Regional | I6: High Engagement
A7: 120 | B7: 163.93682 | C7: 0.06438575 | D7: 43.936819 | E7: 3.7097115 | F7: 608.1583 | G7: Zee5 | H7: Regional | I7: High Engagement
A8: 120 | B8: 163.98939 | C8: 0.064454 | D8: 43.989385 | E8: 3.621385 | F8: 593.86871 | G8: Tencent Video | H8: Regional | I8: High Engagement
A9: 105 | B9: 143.49071 | C9: 0.064454 | D9: 38.490712 | E9: 3.5551402 | F9: 510.1296 | G9: Youku | H9: Regional | I9: High Engagement
A10: 100 | B10: 146.31076 | C10: 0.079084 | D10: 46.31076 | E10: 13.359378 | F10: 1954.6207 | G10: YouTube Premium | H10: Music/VOD | I10: Medium Engagement
A11: 85 | B11: 124.42178 | C11: 0.079184 | D11: 39.421781 | E11: 3.6434667 | F11: 453.32661 | G11: Mango TV | H11: Regional | I11: Medium Engagement
A12: 77.5 | B12: 172.65964 | C12: 0.173756 | D12: 95.159639 | E12: 10.819992 | F12: 1868.1759 | G12: Paramount+ | H12: VOD | I12: Medium Engagement
A13: 62 | B13: 90.712671 | C13: 0.079084 | D13: 28.712671 | E13: 3.1466303 | F13: 285.43924 | G13: Hotstar | H13: Regional | I13: Medium Engagement
... A79: 0 | B79: 0 | C79: 0.0988 | D79: 0 | E79: 0 | F79: 0 | G79: Sky Go | H79: Regional | I79: Low Engagement

Sheet Free_Streaming
A1: service_name | B1: type | C1: category | D1: countries_available | E1: monthly_price_usd | F1: annual_price_usd | G1: launch_year | H1: subscribers_millions | I1: content_type | J1: platforms | K1: is_free | L1: parent_company | M1: age_group_18_24_pct | N1: age_group_25_34_pct | O1: age_group_35_44_pct | P1: age_group_45_54_pct | Q1: age_group_55_64_pct | R1: age_group_65_plus_pct | S1: device_android_pct | T1: device_ios_pct | U1: device_web_pct | V1: device_smart_tv_pct | W1: device_gaming_console_pct | X1: device_other_pct | Y1: engagement_cluster | Z1: arpu_usd | AA1: churn_rate_pct | AB1: subscribers_2020_millions | AC1: subscribers_2021_millions | AD1: subscribers_2022_millions | AE1: subscribers_2023_millions | AF1: subscribers_2024_millions
A2: MX Player | B2: Regional | C2: Free/Paid | D2: India, Global | E2: 0 | F2: 0 | G2: 2011 | H2: 300 | I2: Movies, TV Shows, Music | J2: Web, Mobile, Smart TV | K2: TRUE | L2: Times Internet | M2: 20.3 | N2: 31.6 | O2: 23.1 | P2: 18 | Q2: 9.8 | R2: 4.9 | S2: 37.7 | T2: 18.9 | U2: 18.8 | V2: 14.7 | W2: 4.8 | X2: 2 | Y2: High Engagement | Z2: 1.64 | AA2: 2.8 | AB2: 204.9 | AC2: 225.4 | AD2: 247.9 | AE2: 272.7 | AF2: 300
A3: Bilibili | B3: Regional | C3: Free/Paid | D3: China, Global | E3: 0 | F3: 0 | G3: 2009 | H3: 200 | I3: Anime, User Content, Gaming | J3: Web, Mobile, Smart TV | K3: TRUE | L3: Bilibili | M3: 13.9 | N3: 32.7 | O3: 16.4 | P3: 18.5 | Q3: 10 | R3: 6.8 | S3: 35.3 | T3: 29.1 | U3: 21.8 | V3: 15.9 | W3: 4.2 | X3: 5.6 | Y3: High Engagement | Z3: 2.02 | AA3: 2.8 | AB3: 136.6 | AC3: 150.3 | AD3: 165.3 | AE3: 181.8 | AF3: 200
A4: The Roku Channel | B4: Free Streaming | C4: Free | D4: US, UK, Canada | E4: 0 | F4: 0 | G4: 2017 | H4: 100 | I4: Movies, TV Shows, Live TV | J4: Web, Mobile, Smart TV, Roku | K4: TRUE | L4: Roku | M4: 21.2 | N4: 27.6 | O4: 19.3 | P4: 16.9 | Q4: 8.9 | R4: 3.1 | S4: 40.3 | T4: 26.7 | U4: 13.6 | V4: 11.1 | W4: 4.7 | X4: 5.9 | Y4: High Engagement | Z4: 2.19 | AA4: 3.83 | AB4: 68.3 | AC4: 75.1 | AD4: 82.6 | AE4: 90.9 | AF4: 100
A5: Pluto TV | B5: Free Streaming | C5: Free | D5: US, UK, Canada, Latin America, Europe | E5: 0 | F5: 0 | G5: 2013 | H5: 90 | I5: Movies, TV Shows, Live TV | J5: Web, Mobile, Smart TV, Gaming Consoles | K5: TRUE | L5: Paramount Global | M5: 15.6 | N5: 29.6 | O5: 18.2 | P5: 10.9 | Q5: 9 | R5: 3.7 | S5: 29.6 | T5: 25.8 | U5: 13 | V5: 13.8 | W5: 5.3 | X5: 3 | Y5: High Engagement | Z5: 1.44 | AA5: 3.4 | AB5: 61.5 | AC5: 67.6 | AD5: 74.4 | AE5: 81.8 | AF5: 90
A6: Tubi | B6: Free Streaming | C6: Free | D6: US, Canada, UK, Australia, Mexico | E6: 0 | F6: 0 | G6: 2014 | H6: 80 | I6: Movies, TV Shows | J6: Web, Mobile, Smart TV, Gaming Consoles | K6: TRUE | L6: Fox Corporation | M6: 11.9 | N6: 33.3 | O6: 21.3 | P6: 19 | Q6: 6.7 | R6: 3.2 | S6: 40.6 | T6: 26 | U6: 10.2 | V6: 10.1 | W6: 5.7 | X6: 2.4 | Y6: High Engagement | Z6: 1.39 | AA6: 3.4 | AB6: 54.6 | AC6: 60.1 | AD6: 66.1 | AE6: 72.7 | AF6: 80
A7: Viu | B7: Regional | C7: Free/Paid | D7: Southeast Asia, Middle East, Africa | E7: 4.99 | F7: 49.99 | G7: 2015 | H7: 65 | I7: Asian Drama, Movies | J7: Web, Mobile, Smart TV | K7: TRUE | L7: PCCW | M7: 12 | N7: 32.4 | O7: 21.7 | P7: 14.1 | Q7: 9.4 | R7: 2.4 | S7: 43.3 | T7: 22.9 | U7: 18.2 | V7: 15.4 | W7: 6.8 | X7: 6.9 | Y7: High Engagement | Z7: 2.7 | AA7: 3.83 | AB7: 44.4 | AC7: 48.8 | AD7: 53.7 | AE7: 59.1 | AF7: 65
A8: Rakuten Viki | B8: Regional | C8: Free/Paid | D8: Global (190+ countries) | E8: 4.99 | F8: 49.99 | G8: 2007 | H8: 58 | I8: Asian Drama, Movies | J8: Web, Mobile, Smart TV | K8: TRUE | L8: Rakuten | M8: 20.1 | N8: 24.4 | O8: 19.3 | P8: 19.4 | Q8: 6.4 | R8: 9 | S8: 43.7 | T8: 21.8 | U8: 12.6 | V8: 13.8 | W8: 4.4 | X8: 2.4 | Y8: High Engagement | Z8: 3.11 | AA8: 3.4 | AB8: 39.6 | AC8: 43.6 | AD8: 47.9 | AE8: 52.7 | AF8: 58
A9: Vidio | B9: Regional | C9: Free/Paid | D9: Indonesia | E9: 2.99 | F9: 29.99 | G9: 2014 | H9: 50 | I9: Indonesian Content, Sports | J9: Web, Mobile, Smart TV | K9: TRUE | L9: Emtek | M9: 19.6 | N9: 22 | O9: 16.7 | P9: 22.9 | Q9: 12.5 | R9: 3.7 | S9: 38 | T9: 25 | U9: 11.6 | V9: 13.3 | W9: 6.8 | X9: 2.9 | Y9: Medium Engagement | Z9: 1.08 | AA9: 4 | AB9: 34.2 | AC9: 37.6 | AD9: 41.3 | AE9: 45.5 | AF9: 50
A10: iflix | B10: Regional | C10: Free/Paid | D10: Southeast Asia, Middle East, Africa | E10: 2.99 | F10: 29.99 | G10: 2015 | H10: 25 | I10: Movies, TV Shows | J10: Web, Mobile, Smart TV | K10: TRUE | L10: PLDT | M10: 19 | N10: 29.6 | O10: 20.2 | P10: 9.9 | Q10: 10.2 | R10: 4.7 | S10: 40.3 | T10: 26.3 | U10: 16.8 | V10: 7.6 | W10: 9.4 | X10: 2.8 | Y10: Medium Engagement | Z10: 0.79 | AA10: 4.5 | AB10: 17.1 | AC10: 18.8 | AD10: 20.7 | AE10: 22.7 | AF10: 25
A11: Xumo | B11: Free Streaming | C11: Free | D11: US, UK, Canada | E11: 0 | F11: 0 | G11: 2011 | H11: 24 | I11: Movies, TV Shows, Live TV | J11: Web, Mobile, Smart TV | K11: TRUE | L11: Comcast | M11: 22.5 | N11: 27.8 | O11: 19.6 | P11: 16.5 | Q11: 9.1 | R11: 7.3 | S11: 35.5 | T11: 26.8 | U11: 13.1 | V11: 13.2 | W11: 10.4 | X11: 2.7 | Y11: Medium Engagement | Z11: 3.19 | AA11: 4 | AB11: 16.4 | AC11: 18 | AD11: 19.8 | AE11: 21.8 | AF11: 24
A12: Crackle | B12: Free Streaming | C12: Free | D12: US, Canada, Australia | E12: 0 | F12: 0 | G12: 2007 | H12: 12 | I12: Movies, TV Shows | J12: Web, Mobile, Smart TV | K12: TRUE | L12: Sony Pictures | M12: 22.6 | N12: 29.7 | O12: 25.4 | P12: 20.3 | Q12: 14.8 | R12: 4.4 | S12: 37 | T12: 26.4 | U12: 13.7 | V12: 10.1 | W12: 4.2 | X12: 4.9 | Y12: Medium Engagement | Z12: 1.55 | AA12: 4 | AB12: 8.2 | AC12: 9 | AD12: 9.9 | AE12: 10.9 | AF12: 12
A13: TrueID | B13: Regional | C13: Free/Paid | D13: Thailand | E13: 2.99 | F13: 29.99 | G13: 2015 | H13: 8 | I13: Thai Drama, Movies, Sports | J13: Web, Mobile, Smart TV | K13: TRUE | L13: True Corporation | M13: 17.7 | N13: 20.6 | O13: 17.4 | P13: 20.1 | Q13: 10.1 | R13: 3.3 | S13: 31.9 | T13: 28.7 | U13: 11.6 | V13: 18 | W13: 6.3 | X13: 3 | Y13: Low Engagement | Z13: 2.15 | AA13: 4.5 | AB13: 5.5 | AC13: 6 | AD13: 6.6 | AE13: 7.3 | AF13: 8
... A36: Anime News Network | B36: Free Streaming | C36: Free | D36: Global (200+ countries) | E36: 0 | F36: 0 | G36: 1998 | H36: 0 | I36: Anime News, Database | J36: Web, Mobile | K36: TRUE | L36: Anime News Network | M36: 22.8 | N36: 30.7 | O36: 25.1 | P36: 21.4 | Q36: 11.3 | R36: 2.1 | S36: 31.9 | T36: 29.8 | U36: 17.1 | V36: 10.5 | W36: 3.3 | X36: 5.5 | Y36: Low Engagement | Z36: 3.24 | AA36: 4 | AB36: 0 | AC36: 0 | AD36: 0 | AE36: 0 | AF36: 0
